model_name,precision,recall,f1,training_time,inference_time
Davlan/afro-xlmr-base,0.9076935722505343,0.930379746835443,0.9187341772151899,1162.8785076141357,0.5105426192283631
google-bert/bert-base-multilingual-cased,0.8517405063291138,0.8860759493670886,0.868122776536775,491.5371403694153,0.0562725841999054
distilbert/distilbert-base-multilingual-cased,0.7919403941676013,0.8164556962025317,0.8037141905396402,455.34816575050354,0.029296326637268066
